{"type": "minecraft:chest", "pools": [{"rolls": {"min": 3.0, "max": 8.0, "type": "minecraft:uniform"}, "entries": [{"type": "minecraft:item", "name": "minecraft:clay_ball"}, {"type": "minecraft:item", "name": "minecraft:green_dye"}, {"type": "minecraft:item", "weight": 10, "functions": [{"function": "minecraft:set_count", "count": {"min": 1.0, "max": 4.0, "type": "minecraft:uniform"}}], "name": "minecraft:cactus"}, {"type": "minecraft:item", "weight": 10, "functions": [{"function": "minecraft:set_count", "count": {"min": 1.0, "max": 7.0, "type": "minecraft:uniform"}}], "name": "minecraft:wheat"}, {"type": "minecraft:item", "weight": 10, "functions": [{"function": "minecraft:set_count", "count": {"min": 1.0, "max": 4.0, "type": "minecraft:uniform"}}], "name": "minecraft:bread"}, {"type": "minecraft:item", "name": "minecraft:book"}, {"type": "minecraft:item", "weight": 2, "functions": [{"function": "minecraft:set_count", "count": {"min": 1.0, "max": 3.0, "type": "minecraft:uniform"}}], "name": "minecraft:dead_bush"}, {"type": "minecraft:item", "functions": [{"function": "minecraft:set_count", "count": {"min": 1.0, "max": 3.0, "type": "minecraft:uniform"}}], "name": "minecraft:emerald"}, {"type": "loot_table", "weight": 3, "name": "babel:books"}]}]}